dataset,combo_name,ext_features,trials,pruning_mode,objective,label_rate_ext,label_rate_no_ext,label_rate_gap,label_rate_ratio,chi2_label,chi2_label_p,mean_ks,max_ks,mean_cohens_d,pct_features_shifted,total_shift
BankLoanSta,CS+AI+MLD ext,"Credit Score,Annual Income,Months since last delinquent",10,optuna,-0.004173,0.78009,0.718189,0.061901,1.08619,204.6961,1.972848268983724e-46,0.041223,0.130225,0.099262,83.3,0.103124
BankLoanSta,CS+AI ext,"Credit Score,Annual Income",10,optuna,-0.006532,0.787126,0.716561,0.070566,1.098478,439.8733,1.1534873820794598e-97,0.017951,0.14326,0.057473,15.4,0.088517
BankLoanSta,MLD+HO ext,"Months since last delinquent,Home Ownership",10,optuna,-0.000922,0.773853,0.771672,0.002181,1.002827,0.257,0.6122074352895794,0.032348,0.075223,0.042802,61.5,0.03453
BankLoanSta,HO ext,Home Ownership,10,optuna,-0.00141,0.775049,0.764205,0.010844,1.01419,7.6658,0.005627838609989964,0.027036,0.06414,0.036021,64.3,0.03788
BankLoanSta,MLD+Purp ext,"Months since last delinquent,Purpose",10,optuna,-0.000279,0.774063,0.770009,0.004054,1.005265,0.908,0.34063374506608163,0.035126,0.074885,0.053865,69.2,0.03918
BankLoanSta,Purp ext,Purpose,10,optuna,-0.00043,0.775391,0.761987,0.013403,1.01759,11.7406,0.0006114971399773449,0.02854,0.064676,0.041644,71.4,0.041943
BankLoanSta,MLD ext,Months since last delinquent,10,optuna,-0.000306,0.777866,0.769858,0.008008,1.010402,9.0721,0.002595417193566488,0.060918,0.137315,0.087868,92.9,0.068925
BankLoanSta,CS+AI ext,"Credit Score,Annual Income",30,optuna,0.028379,0.787126,0.716561,0.070566,1.098478,439.8733,1.1534873820794598e-97,0.017951,0.14326,0.057473,15.4,0.088517
BankLoanSta,CS+AI ext,"Credit Score,Annual Income",30,no_pruning,0.053562,0.787126,0.716561,0.070566,1.098478,439.8733,1.1534873820794598e-97,0.017951,0.14326,0.057473,15.4,0.088517
BankLoanSta,CS+AI ext,"Credit Score,Annual Income",30,fixed_50,0.024701,0.787126,0.716561,0.070566,1.098478,439.8733,1.1534873820794598e-97,0.017951,0.14326,0.057473,15.4,0.088517
BankLoanSta,Annual ext,Annual Income,30,optuna,0.009207,0.787126,0.716561,0.070566,1.098478,439.8733,1.1534873820794598e-97,0.017951,0.14326,0.057473,14.3,0.088517
BankLoanSta,Credit ext,Credit Score,30,optuna,0.007728,0.787126,0.716561,0.070566,1.098478,439.8733,1.1534873820794598e-97,0.017951,0.14326,0.057473,14.3,0.088517
BankLoanSta,Annual ext,Annual Income,30,optuna,-0.006456,0.787126,0.716561,0.070566,1.098478,439.8733,1.1534873820794598e-97,0.017951,0.14326,0.057473,14.3,0.088517
BankLoanSta,Credit ext,Credit Score,30,optuna,-0.030886,0.787126,0.716561,0.070566,1.098478,439.8733,1.1534873820794598e-97,0.017951,0.14326,0.057473,14.3,0.088517
BankLoanSta,Annual+Credit ext,"Annual Income,Credit Score",30,optuna,-0.034466,0.787126,0.716561,0.070566,1.098478,439.8733,1.1534873820794598e-97,0.017951,0.14326,0.057473,15.4,0.088517
ClientRecordAug,Offer ext,Offer,10,optuna,-0.000341,0.686355,0.656951,0.029404,1.044758,6.6844,0.009725995268142763,0.019658,0.054232,0.036066,19.0,0.049062
ClientRecordAug,Offer ext,Offer,30,optuna,-0.000361,0.686355,0.656951,0.029404,1.044758,6.6844,0.009725995268142763,0.019658,0.054232,0.036066,19.0,0.049062
ClientRecordAug,Offer ext,Offer,30,no_pruning,-0.000534,0.686355,0.656951,0.029404,1.044758,6.6844,0.009725995268142763,0.019658,0.054232,0.036066,19.0,0.049062
ClientRecordAug,Offer ext,Offer,30,fixed_50,0.000621,0.686355,0.656951,0.029404,1.044758,6.6844,0.009725995268142763,0.019658,0.054232,0.036066,19.0,0.049062
ClientRecordV2,Tenure+Offer ext,"Tenure in Months,Offer",30,optuna,0.001391,0.676707,0.647284,0.029422,1.045455,4.635,0.03132613584928351,0.017109,0.049401,0.027114,5.3,0.046531
ClientRecordV2,Tenure ext,Tenure in Months,30,optuna,-0.002748,0.673213,0.665602,0.007612,1.011436,0.4093,0.5223346460841207,0.014897,0.033822,0.022267,0.0,0.022509
ClientRecordV2,Offer+Contract ext,"Offer,Contract",30,optuna,-0.001377,0.670909,0.667531,0.003378,1.005061,0.0479,0.8268122436816829,0.01947,0.051109,0.029364,5.3,0.022848
ClientRecordV2,Offer+MonthlyCharge ext,"Offer,Monthly Charge",30,optuna,-0.004647,0.674823,0.653342,0.021481,1.032879,2.3992,0.12139959339235964,0.017531,0.067894,0.027324,5.3,0.039013
ClientRecordV2,Offer ext,Offer,30,optuna,0.000291,0.686355,0.656951,0.029404,1.044758,6.6844,0.009725995268142763,0.021374,0.07241,0.037163,15.0,0.050778
ClientRecordV2,Contract ext,Contract,30,optuna,0.000345,0.668481,0.672701,0.004221,0.993726,0.1178,0.7314401821668526,0.013774,0.027266,0.020261,0.0,0.017995
ClientRecordV2,MonthlyCharge ext,Monthly Charge,30,optuna,0.00157,0.670611,0.669507,0.001104,1.001649,0.005,0.943662000619727,0.013281,0.044788,0.019165,5.0,0.014385
ClientRecordV2,Offer+MonthlyCharge ext,"Offer,Monthly Charge",30,optuna,-0.004647,0.674823,0.653342,0.021481,1.032879,2.3992,0.12139959339235964,0.017531,0.067894,0.027324,5.3,0.039013
ClientRecordV2,Offer+MonthlyCharge ext,"Offer,Monthly Charge",30,no_pruning,-0.003799,0.674823,0.653342,0.021481,1.032879,2.3992,0.12139959339235964,0.017531,0.067894,0.027324,5.3,0.039013
ClientRecordV2,Offer+MonthlyCharge ext,"Offer,Monthly Charge",30,fixed_50,-0.003429,0.674823,0.653342,0.021481,1.032879,2.3992,0.12139959339235964,0.017531,0.067894,0.027324,5.3,0.039013
DiabetesRecord,weight+payer_code+max_glu_serum ext,"weight,payer_code,max_glu_serum",30,optuna,0.002819,0.468978,0.446052,0.022926,1.051397,49.0849,2.4511525038326476e-12,0.079176,0.174558,0.10824,100.0,0.102102
DiabetesRecord,weight+payer_code ext,"weight,payer_code",30,optuna,0.002215,0.46538,0.453751,0.011629,1.025629,13.0917,0.00029660525602404406,0.080682,0.198625,0.128005,100.0,0.092311
DiabetesRecord,weight+medical_specialty+max_glu_serum+A1Cresult ext,"weight,medical_specialty,max_glu_serum,A1Cresult",30,optuna,0.001572,0.448872,0.480766,0.031895,0.933659,97.6813,4.9143166252014205e-23,0.068055,0.240021,0.123351,100.0,0.09995
DiabetesRecord,weight+medical_specialty+max_glu_serum ext,"weight,medical_specialty,max_glu_serum",30,optuna,0.002224,0.44689,0.477858,0.030968,0.935194,97.1579,6.401387025538798e-23,0.079241,0.294003,0.131482,100.0,0.110209
DiabetesRecord,weight+medical_specialty+A1Cresult ext,"weight,medical_specialty,A1Cresult",30,optuna,0.004633,0.448627,0.479352,0.030725,0.935902,92.5822,6.458523894712334e-22,0.071297,0.209916,0.111188,100.0,0.102022
DiabetesRecord,weight+medical_specialty ext,"weight,medical_specialty",30,optuna,0.005031,0.446091,0.477189,0.031098,0.934831,98.6603,2.997484553978554e-23,0.081093,0.266673,0.115208,100.0,0.11219
DiabetesRecord,payer_code+max_glu_serum ext,"payer_code,max_glu_serum",30,optuna,0.006244,0.466278,0.451363,0.014914,1.033043,20.9773,4.647561312735006e-06,0.077179,0.167481,0.10482,93.3,0.092094
DiabetesRecord,payer_code ext,payer_code,30,optuna,0.001568,0.462478,0.458441,0.004037,1.008805,1.5795,0.20883602325557704,0.079863,0.192221,0.128801,93.8,0.0839
DiabetesRecord,medical_specialty+max_glu_serum+A1Cresult ext,"medical_specialty,max_glu_serum,A1Cresult",30,optuna,0.000737,0.445758,0.484549,0.038791,0.919944,146.443,1.038718840447977e-33,0.064874,0.234756,0.117268,92.9,0.103666
DiabetesRecord,medical_specialty+max_glu_serum ext,"medical_specialty,max_glu_serum",30,optuna,0.001275,0.443039,0.481242,0.038203,0.920616,148.6361,3.444198365285721e-34,0.07817,0.291639,0.131173,93.3,0.116373
DiabetesRecord,medical_specialty+A1Cresult ext,"medical_specialty,A1Cresult",30,optuna,-0.002604,0.44539,0.482976,0.037587,0.922177,140.0386,2.610835700847962e-32,0.067996,0.205649,0.106813,93.3,0.105582
DiabetesRecord,medical_specialty ext,medical_specialty,30,optuna,0.002324,0.442036,0.48043,0.038394,0.920085,150.7289,1.2012449748377053e-34,0.080295,0.265228,0.115962,93.8,0.118689
DiabetesRecord,medical_specialty+A1Cresult ext,"medical_specialty,A1Cresult",30,optuna,-0.002604,0.44539,0.482976,0.037587,0.922177,140.0386,2.610835700847962e-32,0.067996,0.205649,0.106813,93.3,0.105582
DiabetesRecord,medical_specialty+A1Cresult ext,"medical_specialty,A1Cresult",30,no_pruning,0.000635,0.44539,0.482976,0.037587,0.922177,140.0386,2.610835700847962e-32,0.067996,0.205649,0.106813,93.3,0.105582
DiabetesRecord,medical_specialty+A1Cresult ext,"medical_specialty,A1Cresult",30,fixed_50,-0.00112,0.44539,0.482976,0.037587,0.922177,140.0386,2.610835700847962e-32,0.067996,0.205649,0.106813,93.3,0.105582
FlightDelay,DAY_OF_MONTH ext,DAY_OF_MONTH,10,optuna,0.009717,0.175175,0.17485,0.000325,1.001859,0.0096,0.9221187270119889,0.006568,0.007568,0.006189,0.0,0.006893
FlightDelay,TAIL_NUM ext,TAIL_NUM,10,optuna,-0.00297,0.175775,0.17245,0.003325,1.019281,1.2017,0.27298316166457437,0.008165,0.013137,0.009994,16.7,0.01149
FlightDelay,OP_CARRIER_FL_NUM ext,OP_CARRIER_FL_NUM,10,optuna,-0.00434,0.174725,0.17665,0.001925,0.989103,0.3972,0.5285155665017408,0.006372,0.009575,0.005289,0.0,0.008297
FlightDelay,OP_CARRIER_FL_NUM ext,OP_CARRIER_FL_NUM,30,optuna,-0.004602,0.174725,0.17665,0.001925,0.989103,0.3972,0.5285155665017408,0.006372,0.009575,0.005289,0.0,0.008297
FlightDelay,OP_CARRIER_FL_NUM ext,OP_CARRIER_FL_NUM,30,no_pruning,-0.004277,0.174725,0.17665,0.001925,0.989103,0.3972,0.5285155665017408,0.006372,0.009575,0.005289,0.0,0.008297
FlightDelay,OP_CARRIER_FL_NUM ext,OP_CARRIER_FL_NUM,30,fixed_50,0.00231,0.174725,0.17665,0.001925,0.989103,0.3972,0.5285155665017408,0.006372,0.009575,0.005289,0.0,0.008297
HRAnalytics,gender ext,gender,10,optuna,-0.000177,0.231263,0.308119,0.076856,0.750563,108.3785,2.2204850773242254e-25,0.058769,0.166557,0.090036,66.7,0.135625
HRAnalytics,major_discipline ext,major_discipline,10,optuna,0.002787,0.258672,0.195165,0.063507,1.325401,51.3749,7.630985574900998e-13,0.175351,0.698879,0.23507,77.8,0.238858
HRAnalytics,company_size+company_type ext,"company_size,company_type",10,optuna,0.020799,0.183722,0.418284,0.234561,0.439229,1133.4954,1.7336232481491096e-248,0.09661,0.224949,0.168521,75.0,0.331171
HRAnalytics,company_size ext,company_size,10,optuna,0.002301,0.179047,0.405861,0.226814,0.441154,1124.9895,1.2235101675785e-246,0.104341,0.25936,0.189514,77.8,0.331155
HRAnalytics,company_type ext,company_type,10,optuna,0.008352,0.183822,0.388274,0.204451,0.473435,930.6547,2.1280027309024828e-204,0.084944,0.203619,0.128616,77.8,0.289395
HRAnalytics,gender ext,gender,30,optuna,-0.000192,0.231263,0.308119,0.076856,0.750563,108.3785,2.2204850773242254e-25,0.058769,0.166557,0.090036,66.7,0.135625
HRAnalytics,gender ext,gender,30,no_pruning,-0.000855,0.231263,0.308119,0.076856,0.750563,108.3785,2.2204850773242254e-25,0.058769,0.166557,0.090036,66.7,0.135625
HRAnalytics,gender ext,gender,30,fixed_50,0.001127,0.231263,0.308119,0.076856,0.750563,108.3785,2.2204850773242254e-25,0.058769,0.166557,0.090036,66.7,0.135625
MovieAugV2,rating_count+rating_mean ext,"rating_count,rating_mean",10,optuna,0.003951,0.018689,0.019583,0.000894,0.95433,0.8608,0.3535058640493015,0.01978,0.044213,0.022889,0.0,0.020674
MovieAugV2,rating_count+rating_std ext,"rating_count,rating_std",10,optuna,0.000317,0.01878,0.019313,0.000533,0.972419,0.2932,0.5881794387447283,0.016545,0.029856,0.015746,0.0,0.017078
MovieAugV2,rating_count+days_active ext,"rating_count,days_active",10,optuna,0.004928,0.018521,0.020094,0.001572,0.921751,2.7156,0.09936888388494174,0.019871,0.052869,0.017438,12.5,0.021443
MovieAugV2,rating_count+rating_frequency ext,"rating_count,rating_frequency",10,optuna,-0.002898,0.018855,0.019085,0.00023,0.98795,0.0483,0.8260426407818464,0.020466,0.043868,0.037405,0.0,0.020696
MovieAugV2,rating_count+tags ext,"rating_count,tag_count,unique_tags,avg_tag_length,tag_frequency,last_tag",10,optuna,0.002303,0.024937,0.012408,0.012529,2.009793,236.8572,1.9054634888538379e-53,0.025024,0.042208,0.040922,50.0,0.037554
MovieAugV2,rating_count ext,rating_count,10,optuna,-0.003813,0.018601,0.019224,0.000622,0.967623,0.554,0.4567019921618508,0.015331,0.037922,0.022119,0.0,0.015954
MovieAugV2,rating_mean+rating_std ext,"rating_mean,rating_std",10,optuna,-0.004046,0.018747,0.019408,0.000661,0.965956,0.4608,0.4972642532767546,0.016497,0.032447,0.02536,0.0,0.017158
MovieAugV2,rating_mean+days_active ext,"rating_mean,days_active",10,optuna,0.001982,0.01862,0.019787,0.001166,0.94105,1.4853,0.22295199320825482,0.016222,0.028031,0.014927,0.0,0.017389
MovieAugV2,rating_mean+rating_frequency ext,"rating_mean,rating_frequency",10,optuna,0.006616,0.019003,0.018641,0.000362,1.019417,0.1304,0.7180454880082143,0.015384,0.026172,0.018967,0.0,0.015746
MovieAugV2,rating_mean+tags ext,"rating_mean,tag_count,unique_tags,avg_tag_length,tag_frequency,last_tag",10,optuna,0.000544,0.024796,0.012576,0.01222,1.971659,225.3044,6.301095289625802e-51,0.025788,0.033648,0.054353,100.0,0.038008
MovieAugV2,rating_mean ext,rating_mean,10,optuna,0.001604,0.018743,0.019081,0.000338,0.982293,0.1553,0.6935551565933988,0.013209,0.023897,0.015485,0.0,0.013547
MovieAugV2,rating_std+days_active ext,"rating_std,days_active",10,optuna,0.004461,0.018608,0.019821,0.001213,0.938798,1.6111,0.20433146241710556,0.019375,0.031102,0.018432,0.0,0.020589
MovieAugV2,rating_std+rating_frequency ext,"rating_std,rating_frequency",10,optuna,0.004951,0.018334,0.020647,0.002313,0.887965,5.9604,0.014630671406729601,0.016986,0.033112,0.017176,0.0,0.019299
MovieAugV2,rating_std+tags ext,"rating_std,tag_count,unique_tags,avg_tag_length,tag_frequency,last_tag",10,optuna,0.006579,0.02447,0.012918,0.011552,1.894208,201.2979,1.0879588101983084e-45,0.025769,0.035299,0.047104,75.0,0.037321
MovieAugV2,rating_std ext,rating_std,10,optuna,0.006153,0.018069,0.019756,0.001687,0.914589,4.2241,0.0398544209615412,0.01507,0.031964,0.020411,0.0,0.016758
MovieAugV2,days_active+rating_frequency ext,"days_active,rating_frequency",10,optuna,-0.003511,0.018669,0.019641,0.000972,0.950516,1.0241,0.311560143203194,0.017369,0.02749,0.012565,0.0,0.018341
MovieAugV2,days_active+tags ext,"days_active,tag_count,unique_tags,avg_tag_length,tag_frequency,last_tag",10,optuna,0.001303,0.024692,0.012669,0.012023,1.948954,218.0628,2.3930332378324748e-49,0.022121,0.034658,0.036059,50.0,0.034144
MovieAugV2,days_active ext,days_active,10,optuna,0.000991,0.018174,0.01965,0.001476,0.924887,3.2222,0.07264595781033119,0.011952,0.02371,0.012144,0.0,0.013429
MovieAugV2,rating_frequency+tags ext,"rating_frequency,tag_count,unique_tags,avg_tag_length,tag_frequency,last_tag",10,optuna,-0.000784,0.025509,0.011794,0.013715,2.162888,283.892,1.0653084219758069e-63,0.023207,0.037474,0.04976,75.0,0.036922
MovieAugV2,rating_frequency ext,rating_frequency,10,optuna,0.004781,0.019206,0.018619,0.000587,1.031519,0.4907,0.4836108794595695,0.015824,0.042727,0.018702,11.1,0.016411
MovieAugV2,rating_mean+rating_std ext,"rating_mean,rating_std",30,optuna,-0.000147,0.018747,0.019408,0.000661,0.965956,0.4608,0.4972642532767546,0.016497,0.032447,0.02536,0.0,0.017158
MovieAugV2,rating_mean+rating_std ext,"rating_mean,rating_std",30,no_pruning,0.000933,0.018747,0.019408,0.000661,0.965956,0.4608,0.4972642532767546,0.016497,0.032447,0.02536,0.0,0.017158
MovieAugV2,rating_mean+rating_std ext,"rating_mean,rating_std",30,fixed_50,0.005244,0.018747,0.019408,0.000661,0.965956,0.4608,0.4972642532767546,0.016497,0.032447,0.02536,0.0,0.017158
WIDS,h1_bilirub+h1_lactate+h1_pao2fio+h1_arteria+h1_hco3,"h1_bilirubin_max,h1_bilirubin_min,h1_albumin_max,h1_albumin_min,h1_lactate_max,h1_lactate_min,h1_pao2fio2ratio_max,h1_pao2fio2ratio_min,h1_arterial_ph_max,h1_arterial_ph_min,h1_arterial_pco2_max,h1_arterial_pco2_min,h1_arterial_po2_max,h1_arterial_po2_min,h1_hco3_max,h1_hco3_min,h1_calcium_max,h1_calcium_min,h1_creatinine_max,h1_creatinine_min,h1_sodium_max,h1_sodium_min,h1_wbc_max,h1_wbc_min",10,optuna,0.000373,0.119107,0.070724,0.048383,1.684103,593.7453,3.8393064654355653e-131,0.091465,0.330856,0.167407,91.0,0.139847
WIDS,h1_bilirub+h1_lactate+h1_pao2fio+h1_arteria,"h1_bilirubin_max,h1_bilirubin_min,h1_albumin_max,h1_albumin_min,h1_lactate_max,h1_lactate_min,h1_pao2fio2ratio_max,h1_pao2fio2ratio_min,h1_arterial_ph_max,h1_arterial_ph_min,h1_arterial_pco2_max,h1_arterial_pco2_min,h1_arterial_po2_max,h1_arterial_po2_min",10,optuna,-0.00454,0.133274,0.07007,0.063203,1.901999,885.9544,1.1096876951794045e-194,0.096939,0.407779,0.171271,94.6,0.160143
WIDS,h1_bilirub+h1_lactate+h1_pao2fio+h1_hco3,"h1_bilirubin_max,h1_bilirubin_min,h1_albumin_max,h1_albumin_min,h1_lactate_max,h1_lactate_min,h1_pao2fio2ratio_max,h1_pao2fio2ratio_min,h1_hco3_max,h1_hco3_min,h1_calcium_max,h1_calcium_min,h1_creatinine_max,h1_creatinine_min,h1_sodium_max,h1_sodium_min,h1_wbc_max,h1_wbc_min",10,optuna,-0.000944,0.116835,0.072862,0.043973,1.603509,476.721,1.104743407962776e-105,0.090402,0.319451,0.164051,90.7,0.134375
WIDS,h1_bilirub+h1_lactate+h1_pao2fio,"h1_bilirubin_max,h1_bilirubin_min,h1_albumin_max,h1_albumin_min,h1_lactate_max,h1_lactate_min,h1_pao2fio2ratio_max,h1_pao2fio2ratio_min",10,optuna,0.002127,0.135093,0.072095,0.062998,1.873816,805.3976,3.618549900956722e-177,0.08703,0.384918,0.153685,92.4,0.150028
WIDS,h1_bilirub+h1_lactate+h1_hco3,"h1_bilirubin_max,h1_bilirubin_min,h1_albumin_max,h1_albumin_min,h1_lactate_max,h1_lactate_min,h1_hco3_max,h1_hco3_min,h1_calcium_max,h1_calcium_min,h1_creatinine_max,h1_creatinine_min,h1_sodium_max,h1_sodium_min,h1_wbc_max,h1_wbc_min",10,optuna,-0.001778,0.108869,0.07824,0.030629,1.391478,211.2137,7.465650597449928e-48,0.085258,0.248888,0.155256,89.6,0.115887
WIDS,h1_bilirub+h1_lactate,"h1_bilirubin_max,h1_bilirubin_min,h1_albumin_max,h1_albumin_min,h1_lactate_max,h1_lactate_min",10,optuna,0.001259,0.146079,0.076749,0.06933,1.903335,663.2887,2.878225986639207e-146,0.070945,0.20092,0.12876,91.4,0.140275
WIDS,h1_bilirub+h1_pao2fio+h1_arteria+h1_hco3,"h1_bilirubin_max,h1_bilirubin_min,h1_albumin_max,h1_albumin_min,h1_pao2fio2ratio_max,h1_pao2fio2ratio_min,h1_arterial_ph_max,h1_arterial_ph_min,h1_arterial_pco2_max,h1_arterial_pco2_min,h1_arterial_po2_max,h1_arterial_po2_min,h1_hco3_max,h1_hco3_min,h1_calcium_max,h1_calcium_min,h1_creatinine_max,h1_creatinine_min,h1_sodium_max,h1_sodium_min,h1_wbc_max,h1_wbc_min",10,optuna,0.000685,0.119189,0.071813,0.047375,1.659698,553.5782,2.0970055780566395e-122,0.091183,0.34145,0.168977,91.1,0.138558
WIDS,h1_bilirub+h1_pao2fio+h1_arteria,"h1_bilirubin_max,h1_bilirubin_min,h1_albumin_max,h1_albumin_min,h1_pao2fio2ratio_max,h1_pao2fio2ratio_min,h1_arterial_ph_max,h1_arterial_ph_min,h1_arterial_pco2_max,h1_arterial_pco2_min,h1_arterial_po2_max,h1_arterial_po2_min",10,optuna,0.000977,0.133994,0.072053,0.061941,1.859664,789.6055,9.818137589943686e-174,0.094584,0.43647,0.168016,93.5,0.156525
WIDS,h1_bilirub+h1_pao2fio+h1_hco3,"h1_bilirubin_max,h1_bilirubin_min,h1_albumin_max,h1_albumin_min,h1_pao2fio2ratio_max,h1_pao2fio2ratio_min,h1_hco3_max,h1_hco3_min,h1_calcium_max,h1_calcium_min,h1_creatinine_max,h1_creatinine_min,h1_sodium_max,h1_sodium_min,h1_wbc_max,h1_wbc_min",10,optuna,0.003879,0.116108,0.074343,0.041765,1.561781,414.0329,4.8559503927432865e-92,0.090922,0.329748,0.166225,90.9,0.132687
WIDS,h1_bilirub+h1_pao2fio,"h1_bilirubin_max,h1_bilirubin_min,h1_albumin_max,h1_albumin_min,h1_pao2fio2ratio_max,h1_pao2fio2ratio_min",10,optuna,0.002121,0.134826,0.074814,0.060011,1.802139,647.5636,7.568098042102844e-143,0.084781,0.418115,0.15079,90.8,0.144792
WIDS,h1_bilirub+h1_hco3,"h1_bilirubin_max,h1_bilirubin_min,h1_albumin_max,h1_albumin_min,h1_hco3_max,h1_hco3_min,h1_calcium_max,h1_calcium_min,h1_creatinine_max,h1_creatinine_min,h1_sodium_max,h1_sodium_min,h1_wbc_max,h1_wbc_min",10,optuna,0.005363,0.104485,0.080615,0.02387,1.296102,119.9675,6.430553670995825e-28,0.087177,0.249629,0.159214,90.4,0.111047
WIDS,h1_lactate+h1_pao2fio+h1_arteria+h1_hco3,"h1_lactate_max,h1_lactate_min,h1_pao2fio2ratio_max,h1_pao2fio2ratio_min,h1_arterial_ph_max,h1_arterial_ph_min,h1_arterial_pco2_max,h1_arterial_pco2_min,h1_arterial_po2_max,h1_arterial_po2_min,h1_hco3_max,h1_hco3_min,h1_calcium_max,h1_calcium_min,h1_creatinine_max,h1_creatinine_min,h1_sodium_max,h1_sodium_min,h1_wbc_max,h1_wbc_min",10,optuna,-0.001086,0.119222,0.070771,0.048451,1.684622,594.0506,3.2949187899176234e-131,0.093532,0.332078,0.170969,90.0,0.141983
WIDS,h1_lactate+h1_pao2fio+h1_arteria,"h1_lactate_max,h1_lactate_min,h1_pao2fio2ratio_max,h1_pao2fio2ratio_min,h1_arterial_ph_max,h1_arterial_ph_min,h1_arterial_pco2_max,h1_arterial_pco2_min,h1_arterial_po2_max,h1_arterial_po2_min",10,optuna,0.005135,0.143736,0.070623,0.073113,2.035272,1046.4557,1.4344713280331056e-229,0.11454,0.476065,0.204233,94.1,0.187654
WIDS,h1_lactate+h1_pao2fio+h1_hco3,"h1_lactate_max,h1_lactate_min,h1_pao2fio2ratio_max,h1_pao2fio2ratio_min,h1_hco3_max,h1_hco3_min,h1_calcium_max,h1_calcium_min,h1_creatinine_max,h1_creatinine_min,h1_sodium_max,h1_sodium_min,h1_wbc_max,h1_wbc_min",10,optuna,-3.5e-05,0.116943,0.072909,0.044033,1.603947,476.7197,1.1054462635379014e-105,0.09219,0.320678,0.166254,89.8,0.136223
WIDS,h1_lactate+h1_pao2fio,"h1_lactate_max,h1_lactate_min,h1_pao2fio2ratio_max,h1_pao2fio2ratio_min",10,optuna,0.000588,0.148447,0.072786,0.07566,2.039482,975.9229,3.074888987628669e-214,0.107703,0.465591,0.19228,93.2,0.183363
WIDS,h1_lactate+h1_hco3,"h1_lactate_max,h1_lactate_min,h1_hco3_max,h1_hco3_min,h1_calcium_max,h1_calcium_min,h1_creatinine_max,h1_creatinine_min,h1_sodium_max,h1_sodium_min,h1_wbc_max,h1_wbc_min",10,optuna,0.001132,0.108837,0.078319,0.030518,1.389662,208.8433,2.455939938104077e-47,0.086844,0.250202,0.157042,88.7,0.117362
WIDS,h1_pao2fio+h1_arteria+h1_hco3,"h1_pao2fio2ratio_max,h1_pao2fio2ratio_min,h1_arterial_ph_max,h1_arterial_ph_min,h1_arterial_pco2_max,h1_arterial_pco2_min,h1_arterial_po2_max,h1_arterial_po2_min,h1_hco3_max,h1_hco3_min,h1_calcium_max,h1_calcium_min,h1_creatinine_max,h1_creatinine_min,h1_sodium_max,h1_sodium_min,h1_wbc_max,h1_wbc_min",10,optuna,0.000746,0.119303,0.071883,0.04742,1.659683,552.8359,3.041337833692438e-122,0.092342,0.342999,0.171278,90.1,0.139762
WIDS,h1_pao2fio+h1_arteria,"h1_pao2fio2ratio_max,h1_pao2fio2ratio_min,h1_arterial_ph_max,h1_arterial_ph_min,h1_arterial_pco2_max,h1_arterial_pco2_min,h1_arterial_po2_max,h1_arterial_po2_min",10,optuna,0.006682,0.143723,0.074311,0.069411,1.934063,799.9054,5.657498527654058e-176,0.114784,0.541915,0.20204,94.8,0.184196
WIDS,h1_pao2fio+h1_hco3,"h1_pao2fio2ratio_max,h1_pao2fio2ratio_min,h1_hco3_max,h1_hco3_min,h1_calcium_max,h1_calcium_min,h1_creatinine_max,h1_creatinine_min,h1_sodium_max,h1_sodium_min,h1_wbc_max,h1_wbc_min",10,optuna,-0.000184,0.116179,0.074424,0.041755,1.561045,412.2219,1.2035619568009818e-91,0.091839,0.331333,0.168405,89.3,0.133594
WIDS,h1_pao2fio,"h1_pao2fio2ratio_max,h1_pao2fio2ratio_min",10,optuna,0.000305,0.145425,0.07781,0.067614,1.868962,583.0539,8.12437557719572e-129,0.11185,0.566648,0.194737,93.8,0.179465
WIDS,h1_hco3,"h1_hco3_max,h1_hco3_min,h1_calcium_max,h1_calcium_min,h1_creatinine_max,h1_creatinine_min,h1_sodium_max,h1_sodium_min,h1_wbc_max,h1_wbc_min",10,optuna,0.002727,0.104245,0.080757,0.023488,1.290842,115.4155,6.38215730835016e-27,0.087878,0.251057,0.160675,90.0,0.111366
WIDS,h1_bilirub+h1_lactate+h1_pao2fio+h1_arteria,"h1_bilirubin_max,h1_bilirubin_min,h1_albumin_max,h1_albumin_min,h1_lactate_max,h1_lactate_min,h1_pao2fio2ratio_max,h1_pao2fio2ratio_min,h1_arterial_ph_max,h1_arterial_ph_min,h1_arterial_pco2_max,h1_arterial_pco2_min,h1_arterial_po2_max,h1_arterial_po2_min",30,optuna,-0.000932,0.133274,0.07007,0.063203,1.901999,885.9544,1.1096876951794045e-194,0.096939,0.407779,0.171271,94.6,0.160143
WIDS,h1_bilirub+h1_lactate+h1_pao2fio+h1_arteria,"h1_bilirubin_max,h1_bilirubin_min,h1_albumin_max,h1_albumin_min,h1_lactate_max,h1_lactate_min,h1_pao2fio2ratio_max,h1_pao2fio2ratio_min,h1_arterial_ph_max,h1_arterial_ph_min,h1_arterial_pco2_max,h1_arterial_pco2_min,h1_arterial_po2_max,h1_arterial_po2_min",30,no_pruning,-0.001107,0.133274,0.07007,0.063203,1.901999,885.9544,1.1096876951794045e-194,0.096939,0.407779,0.171271,94.6,0.160143
WIDS,h1_bilirub+h1_lactate+h1_pao2fio+h1_arteria,"h1_bilirubin_max,h1_bilirubin_min,h1_albumin_max,h1_albumin_min,h1_lactate_max,h1_lactate_min,h1_pao2fio2ratio_max,h1_pao2fio2ratio_min,h1_arterial_ph_max,h1_arterial_ph_min,h1_arterial_pco2_max,h1_arterial_pco2_min,h1_arterial_po2_max,h1_arterial_po2_min",30,fixed_50,0.001987,0.133274,0.07007,0.063203,1.901999,885.9544,1.1096876951794045e-194,0.096939,0.407779,0.171271,94.6,0.160143
WIDS,h1_bilirub+h1_lactate+h1_pao2fio+h1_arteria,"h1_bilirubin_max,h1_bilirubin_min,h1_albumin_max,h1_albumin_min,h1_lactate_max,h1_lactate_min,h1_pao2fio2ratio_max,h1_pao2fio2ratio_min,h1_arterial_ph_max,h1_arterial_ph_min,h1_arterial_pco2_max,h1_arterial_pco2_min,h1_arterial_po2_max,h1_arterial_po2_min",30,optuna,-0.002435,0.133274,0.07007,0.063203,1.901999,885.9544,1.1096876951794045e-194,0.096939,0.407779,0.171271,94.6,0.160143
WIDS,h1_bilirub+h1_lactate+h1_pao2fio+h1_arteria,"h1_bilirubin_max,h1_bilirubin_min,h1_albumin_max,h1_albumin_min,h1_lactate_max,h1_lactate_min,h1_pao2fio2ratio_max,h1_pao2fio2ratio_min,h1_arterial_ph_max,h1_arterial_ph_min,h1_arterial_pco2_max,h1_arterial_pco2_min,h1_arterial_po2_max,h1_arterial_po2_min",30,optuna,-0.001776,0.133274,0.07007,0.063203,1.901999,885.9544,1.1096876951794045e-194,0.096939,0.407779,0.171271,94.6,0.160143
WIDS,h1_bilirub+h1_lactate+h1_pao2fio+h1_arteria,"h1_bilirubin_max,h1_bilirubin_min,h1_albumin_max,h1_albumin_min,h1_lactate_max,h1_lactate_min,h1_pao2fio2ratio_max,h1_pao2fio2ratio_min,h1_arterial_ph_max,h1_arterial_ph_min,h1_arterial_pco2_max,h1_arterial_pco2_min,h1_arterial_po2_max,h1_arterial_po2_min",30,no_pruning,-0.002394,0.133274,0.07007,0.063203,1.901999,885.9544,1.1096876951794045e-194,0.096939,0.407779,0.171271,94.6,0.160143
WIDS,h1_bilirub+h1_lactate+h1_pao2fio+h1_arteria,"h1_bilirubin_max,h1_bilirubin_min,h1_albumin_max,h1_albumin_min,h1_lactate_max,h1_lactate_min,h1_pao2fio2ratio_max,h1_pao2fio2ratio_min,h1_arterial_ph_max,h1_arterial_ph_min,h1_arterial_pco2_max,h1_arterial_pco2_min,h1_arterial_po2_max,h1_arterial_po2_min",30,fixed_50,0.000306,0.133274,0.07007,0.063203,1.901999,885.9544,1.1096876951794045e-194,0.096939,0.407779,0.171271,94.6,0.160143
Weather,Evapor+Sunshi+WindGustDir+WindGustSpeed+Pressu ext,"Evaporation,Sunshine,WindGustDir,WindGustSpeed,Pressure9am",10,optuna,0.004706,0.220453,0.246567,0.026113,0.894092,10.8156,0.0010064731813201704,0.130213,0.506861,0.151307,88.9,0.156326
Weather,Evapor+Sunshi+WindGustDir+WindGustSpeed ext,"Evaporation,Sunshine,WindGustDir,WindGustSpeed",10,optuna,-0.001047,0.22015,0.247944,0.027794,0.887903,12.5227,0.0004020390998863476,0.129081,0.493847,0.165753,80.0,0.156875
Weather,Evapor+Sunshi+WindDir9am ext,"Evaporation,Sunshine,WindDir9am",10,optuna,-0.009676,0.224524,0.218264,0.00626,1.028683,0.5413,0.46187413558259516,0.236601,0.99349,0.547376,100.0,0.242861
Weather,Evapor+Sunshi+Pressu ext,"Evaporation,Sunshine,Pressure9am",10,optuna,0.006128,0.22142,0.233856,0.012436,0.946822,3.3735,0.06625475476526338,0.116472,0.449844,0.181269,90.9,0.128908
Weather,Evapor+Sunshi+Cloud9 ext,"Evaporation,Sunshine,Cloud9am",10,optuna,0.002577,0.242967,0.197932,0.045034,1.227523,71.0933,3.4072398874063037e-17,0.098142,0.241283,0.180087,100.0,0.143176
Weather,Evapor+Sunshi ext,"Evaporation,Sunshine",10,optuna,0.002486,0.21793,0.227414,0.009484,0.958297,2.9985,0.0833404730914614,0.145064,0.428845,0.280212,91.7,0.154548
Weather,Evapor+WindGustDir+WindGustSpeed ext,"Evaporation,WindGustDir,WindGustSpeed",10,optuna,-0.002004,0.220017,0.248783,0.028767,0.88437,13.4382,0.00024655565391630395,0.128738,0.492903,0.164487,81.8,0.157505
Weather,Evapor+WindDir9am ext,"Evaporation,WindDir9am",10,optuna,-0.003243,0.224494,0.218502,0.005993,1.027425,0.4955,0.4814669611156226,0.236202,0.993581,0.546484,91.7,0.242194
Weather,Evapor+Pressu ext,"Evaporation,Pressure9am",10,optuna,-0.00055,0.221403,0.233918,0.012515,0.946498,3.4185,0.06446809510826033,0.116443,0.449844,0.18124,83.3,0.128958
Weather,Evapor+Cloud9 ext,"Evaporation,Cloud9am",10,optuna,0.003868,0.242927,0.198028,0.044899,1.226729,70.6823,4.1963624336152245e-17,0.107548,0.240959,0.17478,91.7,0.152446
Weather,Evapor ext,Evaporation,10,optuna,0.000901,0.214271,0.229573,0.015303,0.933342,7.8301,0.005138396740987352,0.161729,0.425413,0.322972,92.3,0.177032
Weather,Sunshi+WindGustDir+WindGustSpeed+Pressu ext,"Sunshine,WindGustDir,WindGustSpeed,Pressure9am",10,optuna,-0.003719,0.220585,0.24557,0.024986,0.898255,9.93,0.0016260612672164526,0.138721,0.506615,0.170999,80.0,0.163707
Weather,Sunshi+WindGustDir+WindGustSpeed ext,"Sunshine,WindGustDir,WindGustSpeed",10,optuna,0.000497,0.220297,0.24642,0.026123,0.893992,11.2521,0.0007953385526616836,0.121949,0.485149,0.139727,72.7,0.148071
Weather,Sunshi+WindDir9am ext,"Sunshine,WindDir9am",10,optuna,0.006081,0.224676,0.217244,0.007432,1.034211,0.7841,0.37588248177679195,0.244361,0.994536,0.544247,100.0,0.251793
Weather,Sunshi+Pressu ext,"Sunshine,Pressure9am",10,optuna,-0.002746,0.221611,0.232973,0.011362,0.951229,2.8246,0.09282814867928114,0.120397,0.447138,0.18672,83.3,0.131759
Weather,Sunshi+Cloud9 ext,"Sunshine,Cloud9am",10,optuna,0.002674,0.244914,0.196238,0.048676,1.248048,83.4712,6.46513535680195e-20,0.101381,0.23286,0.175384,100.0,0.150058
Weather,Sunshi ext,Sunshine,10,optuna,0.001159,0.240996,0.21755,0.023446,1.107774,15.3325,9.01510323982159e-05,0.141872,0.39347,0.245828,100.0,0.165318
Weather,WindGustDir+WindGustSpeed+Pressu ext,"WindGustDir,WindGustSpeed,Pressure9am",10,optuna,0.006009,0.220595,0.245494,0.024899,0.898576,9.8636,0.0016858321719660089,0.133832,0.506615,0.165722,72.7,0.158732
Weather,WindGustDir+WindGustSpeed ext,"WindGustDir,WindGustSpeed",10,optuna,-0.007482,0.219958,0.247757,0.027799,0.887799,13.086,0.0002975187467298528,0.107639,0.467122,0.129205,83.3,0.135437
Weather,WindGustDir ext,WindGustDir,10,optuna,-0.003507,0.219886,0.248192,0.028306,0.88595,13.5779,0.00022886921684793282,0.107765,0.466688,0.131306,76.9,0.136071
Weather,WindDir9am ext,WindDir9am,10,optuna,-0.000434,0.225055,0.214844,0.010211,1.047527,1.559,0.21180913849287675,0.226454,0.9992,0.48607,92.3,0.236665
Weather,Pressu ext,Pressure9am,10,optuna,0.005329,0.221594,0.233016,0.011421,0.950984,2.86,0.09080636921722125,0.122981,0.446586,0.184461,76.9,0.134402
Weather,Cloud9 ext,Cloud9am,10,optuna,0.001748,0.244907,0.196337,0.04857,1.247382,83.1426,7.63419147869552e-20,0.107049,0.232824,0.180693,92.3,0.15562
Weather,Evapor+Sunshi+WindDir9am ext,"Evaporation,Sunshine,WindDir9am",30,optuna,0.008229,0.224524,0.218264,0.00626,1.028683,0.5413,0.46187413558259516,0.236601,0.99349,0.547376,100.0,0.242861
Weather,Evapor+Sunshi+WindDir9am ext,"Evaporation,Sunshine,WindDir9am",30,no_pruning,0.008119,0.224524,0.218264,0.00626,1.028683,0.5413,0.46187413558259516,0.236601,0.99349,0.547376,100.0,0.242861
Weather,Evapor+Sunshi+WindDir9am ext,"Evaporation,Sunshine,WindDir9am",30,fixed_50,0.007388,0.224524,0.218264,0.00626,1.028683,0.5413,0.46187413558259516,0.236601,0.99349,0.547376,100.0,0.242861
WeatherAUS,Sunshi ext,Sunshine,30,optuna,0.005431,0.226159,0.222013,0.004146,1.018675,3.4822,0.06203066916687661,0.083017,0.225842,0.150993,100.0,0.087163
WeatherAUS,Evapor ext,Evaporation,30,optuna,0.001082,0.219533,0.230396,0.010863,0.952849,23.5565,1.212968272115413e-06,0.09525,0.277373,0.180522,100.0,0.106114
WeatherAUS,Cloud3 ext,Cloud3pm,30,optuna,-0.001144,0.238405,0.202981,0.035424,1.174517,246.3227,1.644893792396427e-55,0.062231,0.109193,0.111967,100.0,0.097655
WeatherAUS,Sunshi+Evapor ext,"Sunshine,Evaporation",30,optuna,0.005685,0.220176,0.230188,0.010012,0.956506,19.6105,9.494394865522813e-06,0.107338,0.300347,0.206164,100.0,0.117349
WeatherAUS,Sunshi+Cloud3 ext,"Sunshine,Cloud3pm",30,optuna,0.001756,0.236882,0.19895,0.037932,1.190662,261.7734,7.0463228909714515e-59,0.063874,0.117732,0.116946,100.0,0.101806
WeatherAUS,Evapor+Cloud3 ext,"Evaporation,Cloud3pm",30,optuna,0.000974,0.234915,0.200909,0.034005,1.169258,204.0196,2.7714728372819572e-46,0.073226,0.2062,0.139459,100.0,0.107232
WeatherAUS,Sunshi+Evapor+Cloud3 ext,"Sunshine,Evaporation,Cloud3pm",30,optuna,0.008399,0.233156,0.203632,0.029524,1.144987,150.61,1.2753534783447181e-34,0.07052,0.145357,0.134382,100.0,0.100044
WeatherAUS,Cloud3 ext,Cloud3pm,15,no_pruning,-0.047474,0.238405,0.202981,0.035424,1.174517,246.3227,1.644893792396427e-55,0.062231,0.109193,0.111967,100.0,0.097655
WeatherAUS,Cloud3 ext,Cloud3pm,15,fixed_50,-0.02952,0.238405,0.202981,0.035424,1.174517,246.3227,1.644893792396427e-55,0.062231,0.109193,0.111967,100.0,0.097655
WeatherAUS,Evapor+Cloud9 ext,"Evaporation,Cloud9am",50,optuna,-0.000291,0.232789,0.205019,0.02777,1.135451,134.6892,3.861109654681259e-31,0.069048,0.187618,0.128929,100.0,0.096818
WeatherAUS,Evapor+Cloud9 ext,"Evaporation,Cloud9am",50,no_pruning,-0.000254,0.232789,0.205019,0.02777,1.135451,134.6892,3.861109654681259e-31,0.069048,0.187618,0.128929,100.0,0.096818
WeatherAUS,Evapor+Cloud9 ext,"Evaporation,Cloud9am",50,fixed_50,0.001589,0.232789,0.205019,0.02777,1.135451,134.6892,3.861109654681259e-31,0.069048,0.187618,0.128929,100.0,0.096818
